buyer1,507680842
buyer1,507680842
buyer1,507680842
buyer1,507680842
buyer1,507680842
buyer1,507680842
buyer1,507680842
buyer1,507680842
buyer1,507680842
buyer1,507680842
buyer1,507680842
buyer1,507680842
buyer1,507680842
buyer1,507680842
buyer1,507680842
buyer1,507680842
buyer1,507680842
buyer1,507680842
buyer1,507680842
buyer1,507680842
buyer1,507680842
buyer1,507680842
buyer1,507680842
buyer1,507680842
buyer1,507680842
buyer1,507680842
buyer1,507680842
buyer1,507680842
buyer1,507680842
buyer1,507680842
buyer1,507680842
buyer1,507680842
buyer1,507680842
buyer1,507680842
buyer1,507680842
buyer1,507680842
buyer1,507680842
buyer1,507680842
buyer1,507680842
buyer1,507680842
buyer1,507680842
buyer1,507680842
buyer1,507680842
buyer1,507680842
buyer1,507680842
buyer1,507680842
buyer1,507680842
buyer1,507680842
buyer1,507680842
buyer1,507680842
buyer1,507680842
buyer1,507680842
buyer1,507680842
buyer1,507680842
buyer1,507680842
buyer1,507680842
buyer1,507680842
buyer1,507680842
buyer1,507680842
buyer1,507680842
